name,url,duration,test_type,remote_support,adaptive_support,combined_text
Account Manager Solution,https://www.shl.com/products/product-catalog/view/account-manager-solution/,0,[],No,No,Account Manager Solution []
Administrative Professional - Short Form,https://www.shl.com/products/product-catalog/view/administrative-professional-short-form/,0,[],No,No,Administrative Professional - Short Form []
Agency Manager Solution,https://www.shl.com/products/product-catalog/view/agency-manager-solution/,0,[],No,No,Agency Manager Solution []
Apprentice + 8.0 Job Focused Assessment,https://www.shl.com/products/product-catalog/view/apprentice-8-0-job-focused-assessment-4261/,0,[],No,No,Apprentice + 8.0 Job Focused Assessment []
Apprentice 8.0 Job Focused Assessment,https://www.shl.com/products/product-catalog/view/apprentice-8-0-job-focused-assessment/,0,[],No,No,Apprentice 8.0 Job Focused Assessment []
Bank Administrative Assistant - Short Form,https://www.shl.com/products/product-catalog/view/bank-administrative-assistant-short-form/,0,[],No,No,Bank Administrative Assistant - Short Form []
Bank Collections Agent - Short Form,https://www.shl.com/products/product-catalog/view/bank-collections-agent-short-form/,0,[],No,No,Bank Collections Agent - Short Form []
Bank Operations Supervisor - Short Form,https://www.shl.com/products/product-catalog/view/bank-operations-supervisor-short-form/,0,[],No,No,Bank Operations Supervisor - Short Form []
Bilingual Spanish Reservation Agent Solution,https://www.shl.com/products/product-catalog/view/bilingual-spanish-reservation-agent-solution/,0,[],No,No,Bilingual Spanish Reservation Agent Solution []
"Bookkeeping, Accounting, Auditing Clerk Short Form",https://www.shl.com/products/product-catalog/view/bookkeeping-accounting-auditing-clerk-short-form/,0,[],No,No,"Bookkeeping, Accounting, Auditing Clerk Short Form []"
Branch Manager - Short Form,https://www.shl.com/products/product-catalog/view/branch-manager-short-form/,0,[],No,No,Branch Manager - Short Form []
Cashier Solution,https://www.shl.com/products/product-catalog/view/cashier-solution/,0,[],No,No,Cashier Solution []
Account Manager Solution,https://www.shl.com/products/product-catalog/view/account-manager-solution/,0,[],No,No,Account Manager Solution []
Administrative Professional - Short Form,https://www.shl.com/products/product-catalog/view/administrative-professional-short-form/,0,[],No,No,Administrative Professional - Short Form []
Agency Manager Solution,https://www.shl.com/products/product-catalog/view/agency-manager-solution/,0,[],No,No,Agency Manager Solution []
Apprentice + 8.0 Job Focused Assessment,https://www.shl.com/products/product-catalog/view/apprentice-8-0-job-focused-assessment-4261/,0,[],No,No,Apprentice + 8.0 Job Focused Assessment []
Apprentice 8.0 Job Focused Assessment,https://www.shl.com/products/product-catalog/view/apprentice-8-0-job-focused-assessment/,0,[],No,No,Apprentice 8.0 Job Focused Assessment []
Bank Administrative Assistant - Short Form,https://www.shl.com/products/product-catalog/view/bank-administrative-assistant-short-form/,0,[],No,No,Bank Administrative Assistant - Short Form []
Bank Collections Agent - Short Form,https://www.shl.com/products/product-catalog/view/bank-collections-agent-short-form/,0,[],No,No,Bank Collections Agent - Short Form []
Bank Operations Supervisor - Short Form,https://www.shl.com/products/product-catalog/view/bank-operations-supervisor-short-form/,0,[],No,No,Bank Operations Supervisor - Short Form []
Bilingual Spanish Reservation Agent Solution,https://www.shl.com/products/product-catalog/view/bilingual-spanish-reservation-agent-solution/,0,[],No,No,Bilingual Spanish Reservation Agent Solution []
"Bookkeeping, Accounting, Auditing Clerk Short Form",https://www.shl.com/products/product-catalog/view/bookkeeping-accounting-auditing-clerk-short-form/,0,[],No,No,"Bookkeeping, Accounting, Auditing Clerk Short Form []"
Branch Manager - Short Form,https://www.shl.com/products/product-catalog/view/branch-manager-short-form/,0,[],No,No,Branch Manager - Short Form []
Cashier Solution,https://www.shl.com/products/product-catalog/view/cashier-solution/,0,[],No,No,Cashier Solution []
Claims/Operations Supervisor Solution,https://www.shl.com/products/product-catalog/view/claimsoperations-supervisor-solution/,0,[],No,No,Claims/Operations Supervisor Solution []
Contact Center Customer Service + 8.0,https://www.shl.com/products/product-catalog/view/contact-center-customer-service-8-0/,0,[],No,No,Contact Center Customer Service + 8.0 []
Contact Center Customer Service 8.0,https://www.shl.com/products/product-catalog/view/contact-center-customer-service-8-0-4269/,0,[],No,No,Contact Center Customer Service 8.0 []
Contact Center Manager - Short Form,https://www.shl.com/products/product-catalog/view/contact-center-manager-short-form/,0,[],No,No,Contact Center Manager - Short Form []
Contact Center Sales & Service + 8.0,https://www.shl.com/products/product-catalog/view/contact-center-sales-and-service-8-0/,0,[],No,No,Contact Center Sales & Service + 8.0 []
Contact Center Sales & Service 8.0,https://www.shl.com/products/product-catalog/view/contact-center-sales-and-service-8-0-4268/,0,[],No,No,Contact Center Sales & Service 8.0 []
Contact Center Team Lead/Coach - Short Form,https://www.shl.com/products/product-catalog/view/contact-center-team-leadcoach-short-form/,0,[],No,No,Contact Center Team Lead/Coach - Short Form []
Contact Centre Agent Solution - UK,https://www.shl.com/products/product-catalog/view/contact-centre-agent-solution-uk/,0,[],No,No,Contact Centre Agent Solution - UK []
Customer Service - Short Form,https://www.shl.com/products/product-catalog/view/customer-service-short-form/,0,[],No,No,Customer Service - Short Form []
Customer Service - Short Form - UK,https://www.shl.com/products/product-catalog/view/customer-service-short-form-uk/,0,[],No,No,Customer Service - Short Form - UK []
Customer Service with Sales - Short Form,https://www.shl.com/products/product-catalog/view/customer-service-with-sales-short-form/,0,[],No,No,Customer Service with Sales - Short Form []
Director - Short Form,https://www.shl.com/products/product-catalog/view/director-short-form/,0,[],No,No,Director - Short Form []
District/Regional Manager Solution,https://www.shl.com/products/product-catalog/view/districtregional-manager-solution/,0,[],No,No,District/Regional Manager Solution []
Entry Level Cashier 7.1 (Americas),https://www.shl.com/products/product-catalog/view/entry-level-cashier-7-1-%28americas%29/,0,[],No,No,Entry Level Cashier 7.1 (Americas) []
Entry Level Cashier 7.1 (International),https://www.shl.com/products/product-catalog/view/entry-level-cashier-7-1-%28international%29/,0,[],No,No,Entry Level Cashier 7.1 (International) []
Entry Level Customer Service 7.1 (Americas),https://www.shl.com/products/product-catalog/view/entry-level-customer-service-7-1-%28americas%29/,0,[],No,No,Entry Level Customer Service 7.1 (Americas) []
Entry Level Customer Service 7.1 (International),https://www.shl.com/products/product-catalog/view/entry-level-customer-service-%28retail-and-cc%29-7-1/,0,[],No,No,Entry Level Customer Service 7.1 (International) []
Entry Level Customer Service 7.1 (South Africa),https://www.shl.com/products/product-catalog/view/entry-level-customer-service-7-1-%28south-africa%29/,0,[],No,No,Entry Level Customer Service 7.1 (South Africa) []
Entry level Sales 7.1 (Americas),https://www.shl.com/products/product-catalog/view/entry-level-sales-7-1-%28americas%29/,0,[],No,No,Entry level Sales 7.1 (Americas) []
Entry level Sales 7.1 (International),https://www.shl.com/products/product-catalog/view/entry-level-sales-7-1/,0,[],No,No,Entry level Sales 7.1 (International) []
Entry Level Sales Sift Out 7.1,https://www.shl.com/products/product-catalog/view/entry-level-sales-sift-out-7-1/,0,[],No,No,Entry Level Sales Sift Out 7.1 []
Event Sales Manager Solution,https://www.shl.com/products/product-catalog/view/event-sales-manager-solution/,0,[],No,No,Event Sales Manager Solution []
Executive - Short Form,https://www.shl.com/products/product-catalog/view/executive-short-form/,0,[],No,No,Executive - Short Form []
Financial Professional - Short Form,https://www.shl.com/products/product-catalog/view/financial-professional-short-form/,0,[],No,No,Financial Professional - Short Form []
Financial Services Representative Solution,https://www.shl.com/products/product-catalog/view/financial-services-representative-solution/,0,[],No,No,Financial Services Representative Solution []
Front Desk Associate Solution,https://www.shl.com/products/product-catalog/view/front-desk-associate-solution/,0,[],No,No,Front Desk Associate Solution []
Gaming Associate Solution,https://www.shl.com/products/product-catalog/view/gaming-associate-solution/,0,[],No,No,Gaming Associate Solution []
Gaming Manager Solution,https://www.shl.com/products/product-catalog/view/gaming-manager-solution/,0,[],No,No,Gaming Manager Solution []
General Entry Level - All Industries 7.0 Solution,https://www.shl.com/products/product-catalog/view/general-entry-level-all-industries-7-0-solution/,0,[],No,No,General Entry Level - All Industries 7.0 Solution []
General Entry Level - All Industries 7.1 Solution,https://www.shl.com/products/product-catalog/view/general-entry-level-all-industries-7-1-solution/,0,[],No,No,General Entry Level - All Industries 7.1 Solution []
General Entry Level - All Industries 7.1(Americas),https://www.shl.com/products/product-catalog/view/general-entry-level-all-industries-7-1%28americas%29/,0,[],No,No,General Entry Level - All Industries 7.1(Americas) []
General Entry Level – Data Entry 7.0 Solution,https://www.shl.com/products/product-catalog/view/general-entry-level-data-entry-7-0-solution/,0,[],No,No,General Entry Level – Data Entry 7.0 Solution []
Graduate + 8.0 Job Focused Assessment,https://www.shl.com/products/product-catalog/view/graduate-8-0-job-focused-assessment/,0,[],No,No,Graduate + 8.0 Job Focused Assessment []
Graduate 7.1 Job Focused Assessment,https://www.shl.com/products/product-catalog/view/graduate-7-1-job-focused-assessment/,0,[],No,No,Graduate 7.1 Job Focused Assessment []
Graduate 8.0 Job Focused Assessment,https://www.shl.com/products/product-catalog/view/graduate-8-0-job-focused-assessment-4228/,0,[],No,No,Graduate 8.0 Job Focused Assessment []
Guest Service Team 7.0 Solution,https://www.shl.com/products/product-catalog/view/guest-service-team-7-0-solution/,0,[],No,No,Guest Service Team 7.0 Solution []
Financial Services Representative Solution,https://www.shl.com/products/product-catalog/view/financial-services-representative-solution/,0,[],No,No,Financial Services Representative Solution []
Front Desk Associate Solution,https://www.shl.com/products/product-catalog/view/front-desk-associate-solution/,0,[],No,No,Front Desk Associate Solution []
Gaming Associate Solution,https://www.shl.com/products/product-catalog/view/gaming-associate-solution/,0,[],No,No,Gaming Associate Solution []
Gaming Manager Solution,https://www.shl.com/products/product-catalog/view/gaming-manager-solution/,0,[],No,No,Gaming Manager Solution []
General Entry Level - All Industries 7.0 Solution,https://www.shl.com/products/product-catalog/view/general-entry-level-all-industries-7-0-solution/,0,[],No,No,General Entry Level - All Industries 7.0 Solution []
General Entry Level - All Industries 7.1 Solution,https://www.shl.com/products/product-catalog/view/general-entry-level-all-industries-7-1-solution/,0,[],No,No,General Entry Level - All Industries 7.1 Solution []
General Entry Level - All Industries 7.1(Americas),https://www.shl.com/products/product-catalog/view/general-entry-level-all-industries-7-1%28americas%29/,0,[],No,No,General Entry Level - All Industries 7.1(Americas) []
General Entry Level – Data Entry 7.0 Solution,https://www.shl.com/products/product-catalog/view/general-entry-level-data-entry-7-0-solution/,0,[],No,No,General Entry Level – Data Entry 7.0 Solution []
Graduate + 8.0 Job Focused Assessment,https://www.shl.com/products/product-catalog/view/graduate-8-0-job-focused-assessment/,0,[],No,No,Graduate + 8.0 Job Focused Assessment []
Graduate 7.1 Job Focused Assessment,https://www.shl.com/products/product-catalog/view/graduate-7-1-job-focused-assessment/,0,[],No,No,Graduate 7.1 Job Focused Assessment []
Graduate 8.0 Job Focused Assessment,https://www.shl.com/products/product-catalog/view/graduate-8-0-job-focused-assessment-4228/,0,[],No,No,Graduate 8.0 Job Focused Assessment []
Guest Service Team 7.0 Solution,https://www.shl.com/products/product-catalog/view/guest-service-team-7-0-solution/,0,[],No,No,Guest Service Team 7.0 Solution []
Financial Services Representative Solution,https://www.shl.com/products/product-catalog/view/financial-services-representative-solution/,0,[],No,No,Financial Services Representative Solution []
Front Desk Associate Solution,https://www.shl.com/products/product-catalog/view/front-desk-associate-solution/,0,[],No,No,Front Desk Associate Solution []
Gaming Associate Solution,https://www.shl.com/products/product-catalog/view/gaming-associate-solution/,0,[],No,No,Gaming Associate Solution []
Gaming Manager Solution,https://www.shl.com/products/product-catalog/view/gaming-manager-solution/,0,[],No,No,Gaming Manager Solution []
General Entry Level - All Industries 7.0 Solution,https://www.shl.com/products/product-catalog/view/general-entry-level-all-industries-7-0-solution/,0,[],No,No,General Entry Level - All Industries 7.0 Solution []
General Entry Level - All Industries 7.1 Solution,https://www.shl.com/products/product-catalog/view/general-entry-level-all-industries-7-1-solution/,0,[],No,No,General Entry Level - All Industries 7.1 Solution []
General Entry Level - All Industries 7.1(Americas),https://www.shl.com/products/product-catalog/view/general-entry-level-all-industries-7-1%28americas%29/,0,[],No,No,General Entry Level - All Industries 7.1(Americas) []
General Entry Level – Data Entry 7.0 Solution,https://www.shl.com/products/product-catalog/view/general-entry-level-data-entry-7-0-solution/,0,[],No,No,General Entry Level – Data Entry 7.0 Solution []
Graduate + 8.0 Job Focused Assessment,https://www.shl.com/products/product-catalog/view/graduate-8-0-job-focused-assessment/,0,[],No,No,Graduate + 8.0 Job Focused Assessment []
Graduate 7.1 Job Focused Assessment,https://www.shl.com/products/product-catalog/view/graduate-7-1-job-focused-assessment/,0,[],No,No,Graduate 7.1 Job Focused Assessment []
Graduate 8.0 Job Focused Assessment,https://www.shl.com/products/product-catalog/view/graduate-8-0-job-focused-assessment-4228/,0,[],No,No,Graduate 8.0 Job Focused Assessment []
Guest Service Team 7.0 Solution,https://www.shl.com/products/product-catalog/view/guest-service-team-7-0-solution/,0,[],No,No,Guest Service Team 7.0 Solution []
Guest Services Associate Solution,https://www.shl.com/products/product-catalog/view/guest-services-associate-solution/,0,[],No,No,Guest Services Associate Solution []
Healthcare Aide 7.0 Solution,https://www.shl.com/products/product-catalog/view/healthcare-aide-7-0-solution/,0,[],No,No,Healthcare Aide 7.0 Solution []
Healthcare Call Center Agent Solution,https://www.shl.com/products/product-catalog/view/healthcare-call-center-agent-solution/,0,[],No,No,Healthcare Call Center Agent Solution []
Healthcare Service Associate Solution,https://www.shl.com/products/product-catalog/view/healthcare-service-associate-solution/,0,[],No,No,Healthcare Service Associate Solution []
Healthcare Support Specialist Solution,https://www.shl.com/products/product-catalog/view/healthcare-support-specialist-solution/,0,[],No,No,Healthcare Support Specialist Solution []
Home Health Aide Solution,https://www.shl.com/products/product-catalog/view/home-health-aide-solution/,0,[],No,No,Home Health Aide Solution []
Hospitality Manager Solution,https://www.shl.com/products/product-catalog/view/hospitality-manager-solution/,0,[],No,No,Hospitality Manager Solution []
Host Solution,https://www.shl.com/products/product-catalog/view/host-solution/,0,[],No,No,Host Solution []
Industrial - Entry Level 7.0 Solution,https://www.shl.com/products/product-catalog/view/industrial-entry-level-7-0-solution/,0,[],No,No,Industrial - Entry Level 7.0 Solution []
Industrial - Entry Level 7.1 (Americas),https://www.shl.com/products/product-catalog/view/industrial-entry-level-7-1-%28americas%29/,0,[],No,No,Industrial - Entry Level 7.1 (Americas) []
Industrial - Entry Level 7.1 (International),https://www.shl.com/products/product-catalog/view/industrial-entry-level-7-1-%28international%29/,0,[],No,No,Industrial - Entry Level 7.1 (International) []
Industrial - Professional and Skilled 7.0 Solution,https://www.shl.com/products/product-catalog/view/industrial-professional-and-skilled-7-0-solution/,0,[],No,No,Industrial - Professional and Skilled 7.0 Solution []
Industrial - Semi-skilled 7.1 (Americas),https://www.shl.com/products/product-catalog/view/industrial-semi-skilled-7-1-%28americas%29/,0,[],No,No,Industrial - Semi-skilled 7.1 (Americas) []
Industrial - Semi-skilled 7.1 (International),https://www.shl.com/products/product-catalog/view/industrial-semi-skilled-7-1-%28international%29/,0,[],No,No,Industrial - Semi-skilled 7.1 (International) []
Industrial Professional and Skilled 7.1 (Americas),https://www.shl.com/products/product-catalog/view/industrial-professional-and-skilled-7-1-%28americas%29/,0,[],No,No,Industrial Professional and Skilled 7.1 (Americas) []
Industrial Professional and Skilled 7.1 Solution,https://www.shl.com/products/product-catalog/view/industrial-professional-and-skilled-7-1-solution/,0,[],No,No,Industrial Professional and Skilled 7.1 Solution []
Installation and Repair Technician Solution,https://www.shl.com/products/product-catalog/view/installation-and-repair-technician-solution/,0,[],No,No,Installation and Repair Technician Solution []
Insurance Account Manager Solution,https://www.shl.com/products/product-catalog/view/insurance-account-manager-solution/,0,[],No,No,Insurance Account Manager Solution []
Insurance Administrative Assistant Solution,https://www.shl.com/products/product-catalog/view/insurance-administrative-assistant-solution/,0,[],No,No,Insurance Administrative Assistant Solution []
Insurance Agent Solution,https://www.shl.com/products/product-catalog/view/insurance-agent-solution/,0,[],No,No,Insurance Agent Solution []
Insurance Director Solution,https://www.shl.com/products/product-catalog/view/insurance-director-solution/,0,[],No,No,Insurance Director Solution []
Insurance Sales Manager Solution,https://www.shl.com/products/product-catalog/view/insurance-sales-manager-solution/,0,[],No,No,Insurance Sales Manager Solution []
Manager - Short Form,https://www.shl.com/products/product-catalog/view/manager-short-form/,0,[],No,No,Manager - Short Form []
Manager + 7.0 Solution,https://www.shl.com/products/product-catalog/view/manager-7-0-solution-3955/,0,[],No,No,Manager + 7.0 Solution []
Manager + 7.1 (Americas),https://www.shl.com/products/product-catalog/view/manager-7-1-solution-4242/,0,[],No,No,Manager + 7.1 (Americas) []
Manager + 7.1 (International),https://www.shl.com/products/product-catalog/view/manager-7-1-%28international%29/,0,[],No,No,Manager + 7.1 (International) []
Manager 7.0 Solution,https://www.shl.com/products/product-catalog/view/manager-7-0-solution/,0,[],No,No,Manager 7.0 Solution []
Manager 7.1 (Americas),https://www.shl.com/products/product-catalog/view/manager-7-1-%28americas%29/,0,[],No,No,Manager 7.1 (Americas) []
Manager 7.1 (International),https://www.shl.com/products/product-catalog/view/manager-7-1-solution/,0,[],No,No,Manager 7.1 (International) []
Manager 8.0 JFA,https://www.shl.com/products/product-catalog/view/manager-8-0-jfa/,0,[],No,No,Manager 8.0 JFA []
Manager 8.0+ JFA,https://www.shl.com/products/product-catalog/view/manager-8-0-jfa-4310/,0,[],No,No,Manager 8.0+ JFA []
Manufacturing Production Team Member,https://www.shl.com/products/product-catalog/view/manufacturing-production-team-member/,0,[],No,No,Manufacturing Production Team Member []
Manufacturing Skilled Maintenance Worker,https://www.shl.com/products/product-catalog/view/manufacturing-skilled-maintenance-worker/,0,[],No,No,Manufacturing Skilled Maintenance Worker []
Network Engineer/Analyst Solution,https://www.shl.com/products/product-catalog/view/network-engineeranalyst-solution/,0,[],No,No,Network Engineer/Analyst Solution []
Nurse Leader Solution,https://www.shl.com/products/product-catalog/view/nurse-leader-solution/,0,[],No,No,Nurse Leader Solution []
Nurse Solution,https://www.shl.com/products/product-catalog/view/nurse-solution/,0,[],No,No,Nurse Solution []
Manager + 7.1 (Americas),https://www.shl.com/products/product-catalog/view/manager-7-1-solution-4242/,0,[],No,No,Manager + 7.1 (Americas) []
Manager + 7.1 (International),https://www.shl.com/products/product-catalog/view/manager-7-1-%28international%29/,0,[],No,No,Manager + 7.1 (International) []
Manager 7.0 Solution,https://www.shl.com/products/product-catalog/view/manager-7-0-solution/,0,[],No,No,Manager 7.0 Solution []
Manager 7.1 (Americas),https://www.shl.com/products/product-catalog/view/manager-7-1-%28americas%29/,0,[],No,No,Manager 7.1 (Americas) []
Manager 7.1 (International),https://www.shl.com/products/product-catalog/view/manager-7-1-solution/,0,[],No,No,Manager 7.1 (International) []
Manager 8.0 JFA,https://www.shl.com/products/product-catalog/view/manager-8-0-jfa/,0,[],No,No,Manager 8.0 JFA []
Manager 8.0+ JFA,https://www.shl.com/products/product-catalog/view/manager-8-0-jfa-4310/,0,[],No,No,Manager 8.0+ JFA []
Manufacturing Production Team Member,https://www.shl.com/products/product-catalog/view/manufacturing-production-team-member/,0,[],No,No,Manufacturing Production Team Member []
Manufacturing Skilled Maintenance Worker,https://www.shl.com/products/product-catalog/view/manufacturing-skilled-maintenance-worker/,0,[],No,No,Manufacturing Skilled Maintenance Worker []
Network Engineer/Analyst Solution,https://www.shl.com/products/product-catalog/view/network-engineeranalyst-solution/,0,[],No,No,Network Engineer/Analyst Solution []
Nurse Leader Solution,https://www.shl.com/products/product-catalog/view/nurse-leader-solution/,0,[],No,No,Nurse Leader Solution []
Nurse Solution,https://www.shl.com/products/product-catalog/view/nurse-solution/,0,[],No,No,Nurse Solution []
Nursing Assistant Solution,https://www.shl.com/products/product-catalog/view/nursing-assistant-solution/,0,[],No,No,Nursing Assistant Solution []
Personal Banker - Short Form,https://www.shl.com/products/product-catalog/view/personal-banker-short-form/,0,[],No,No,Personal Banker - Short Form []
Phone Banker - Short Form,https://www.shl.com/products/product-catalog/view/phone-banker-short-form/,0,[],No,No,Phone Banker - Short Form []
Prep/Line Cook Solution,https://www.shl.com/products/product-catalog/view/prepline-cook-solution/,0,[],No,No,Prep/Line Cook Solution []
Professional + 7.0 Solution,https://www.shl.com/products/product-catalog/view/professional-7-0-solution-3958/,0,[],No,No,Professional + 7.0 Solution []
Professional + 7.1 (Americas),https://www.shl.com/products/product-catalog/view/professional-7-1-%28americas%29/,0,[],No,No,Professional + 7.1 (Americas) []
Professional + 7.1 (International),https://www.shl.com/products/product-catalog/view/professional-7-1-solution/,0,[],No,No,Professional + 7.1 (International) []
Professional 7.0 Solution,https://www.shl.com/products/product-catalog/view/professional-7-0-solution/,0,[],No,No,Professional 7.0 Solution []
Professional 7.1 (International),https://www.shl.com/products/product-catalog/view/professional-7-1-solution-4247/,0,[],No,No,Professional 7.1 (International) []
Professional 8.0 JFA,https://www.shl.com/products/product-catalog/view/professional-8-0-jfa/,0,[],No,No,Professional 8.0 JFA []
Professional/Individual Contributor - Short Form,https://www.shl.com/products/product-catalog/view/professionalindividual-contributor-short-form/,0,[],No,No,Professional/Individual Contributor - Short Form []
Project Manager - Short Form,https://www.shl.com/products/product-catalog/view/project-manager-short-form/,0,[],No,No,Project Manager - Short Form []
Nursing Assistant Solution,https://www.shl.com/products/product-catalog/view/nursing-assistant-solution/,0,[],No,No,Nursing Assistant Solution []
Personal Banker - Short Form,https://www.shl.com/products/product-catalog/view/personal-banker-short-form/,0,[],No,No,Personal Banker - Short Form []
Phone Banker - Short Form,https://www.shl.com/products/product-catalog/view/phone-banker-short-form/,0,[],No,No,Phone Banker - Short Form []
Prep/Line Cook Solution,https://www.shl.com/products/product-catalog/view/prepline-cook-solution/,0,[],No,No,Prep/Line Cook Solution []
Professional + 7.0 Solution,https://www.shl.com/products/product-catalog/view/professional-7-0-solution-3958/,0,[],No,No,Professional + 7.0 Solution []
Professional + 7.1 (Americas),https://www.shl.com/products/product-catalog/view/professional-7-1-%28americas%29/,0,[],No,No,Professional + 7.1 (Americas) []
Professional + 7.1 (International),https://www.shl.com/products/product-catalog/view/professional-7-1-solution/,0,[],No,No,Professional + 7.1 (International) []
Professional 7.0 Solution,https://www.shl.com/products/product-catalog/view/professional-7-0-solution/,0,[],No,No,Professional 7.0 Solution []
Professional 7.1 (International),https://www.shl.com/products/product-catalog/view/professional-7-1-solution-4247/,0,[],No,No,Professional 7.1 (International) []
Professional 8.0 JFA,https://www.shl.com/products/product-catalog/view/professional-8-0-jfa/,0,[],No,No,Professional 8.0 JFA []
Professional/Individual Contributor - Short Form,https://www.shl.com/products/product-catalog/view/professionalindividual-contributor-short-form/,0,[],No,No,Professional/Individual Contributor - Short Form []
Project Manager - Short Form,https://www.shl.com/products/product-catalog/view/project-manager-short-form/,0,[],No,No,Project Manager - Short Form []
Proof Operator - Processing Specialist -Short Form,https://www.shl.com/products/product-catalog/view/proof-operator-processing-specialist-short-form/,0,[],No,No,Proof Operator - Processing Specialist -Short Form []
Reservation Agent Solution,https://www.shl.com/products/product-catalog/view/reservation-agent-solution/,0,[],No,No,Reservation Agent Solution []
Restaurant Manager Solution,https://www.shl.com/products/product-catalog/view/restaurant-manager-solution/,0,[],No,No,Restaurant Manager Solution []
Restaurant Supervisor Solution,https://www.shl.com/products/product-catalog/view/restaurant-supervisor-solution/,0,[],No,No,Restaurant Supervisor Solution []
Retail Consultant Solution,https://www.shl.com/products/product-catalog/view/retail-consultant-solution/,0,[],No,No,Retail Consultant Solution []
Retail Manager w/ Sales Solution,https://www.shl.com/products/product-catalog/view/retail-manager-w-sales-solution/,0,[],No,No,Retail Manager w/ Sales Solution []
Retail Sales Associate Solution,https://www.shl.com/products/product-catalog/view/retail-sales-associate-solution/,0,[],No,No,Retail Sales Associate Solution []
Sales Director Solution,https://www.shl.com/products/product-catalog/view/sales-director-solution/,0,[],No,No,Sales Director Solution []
Sales Engineer Solution,https://www.shl.com/products/product-catalog/view/sales-engineer-solution/,0,[],No,No,Sales Engineer Solution []
Sales Manager Solution,https://www.shl.com/products/product-catalog/view/sales-manager-solution/,0,[],No,No,Sales Manager Solution []
Sales Professional 7.0 Solution,https://www.shl.com/products/product-catalog/view/sales-professional-7-0-solution/,0,[],No,No,Sales Professional 7.0 Solution []
Sales Professional 7.1 (Americas),https://www.shl.com/products/product-catalog/view/sales-professional-7-1-%28americas%29/,0,[],No,No,Sales Professional 7.1 (Americas) []
Sales Professional Solution,https://www.shl.com/products/product-catalog/view/sales-professional-solution/,0,[],No,No,Sales Professional Solution []
Sales Representative Solution,https://www.shl.com/products/product-catalog/view/sales-representative-solution/,0,[],No,No,Sales Representative Solution []
Sales Supervisor Solution,https://www.shl.com/products/product-catalog/view/sales-supervisor-solution/,0,[],No,No,Sales Supervisor Solution []
Sales Support Specialist Solution,https://www.shl.com/products/product-catalog/view/sales-support-specialist-solution/,0,[],No,No,Sales Support Specialist Solution []
Senior Insurance Agent Solution,https://www.shl.com/products/product-catalog/view/senior-insurance-agent-solution/,0,[],No,No,Senior Insurance Agent Solution []
Senior Sales Professional Solution,https://www.shl.com/products/product-catalog/view/senior-sales-professional-solution/,0,[],No,No,Senior Sales Professional Solution []
Server Solution,https://www.shl.com/products/product-catalog/view/server-solution/,0,[],No,No,Server Solution []
Service Associate Solution,https://www.shl.com/products/product-catalog/view/service-associate-solution/,0,[],No,No,Service Associate Solution []
Service Supervisor Solution,https://www.shl.com/products/product-catalog/view/service-supervisor-solution/,0,[],No,No,Service Supervisor Solution []
Stock Clerk Solution,https://www.shl.com/products/product-catalog/view/stock-clerk-solution/,0,[],No,No,Stock Clerk Solution []
Store Manager 7.0 Solution,https://www.shl.com/products/product-catalog/view/store-manager-7-0-solution/,0,[],No,No,Store Manager 7.0 Solution []
Store Manager 7.1 (Americas),https://www.shl.com/products/product-catalog/view/store-manager-7-1-%28americas%29/,0,[],No,No,Store Manager 7.1 (Americas) []
Store Manager 7.1 (International),https://www.shl.com/products/product-catalog/view/store-manager-7-1-%28international%29/,0,[],No,No,Store Manager 7.1 (International) []
Store Manager Solution,https://www.shl.com/products/product-catalog/view/store-manager-solution/,0,[],No,No,Store Manager Solution []
Supervisor - Short Form,https://www.shl.com/products/product-catalog/view/supervisor-short-form/,0,[],No,No,Supervisor - Short Form []
Supervisor 7.0 Solution,https://www.shl.com/products/product-catalog/view/supervisor-7-0-solution/,0,[],No,No,Supervisor 7.0 Solution []
Supervisor 7.1 (Americas),https://www.shl.com/products/product-catalog/view/supervisor-7-1-%28americas%29/,0,[],No,No,Supervisor 7.1 (Americas) []
Supervisor 7.1 (International),https://www.shl.com/products/product-catalog/view/supervisor-7-1-%28international%29/,0,[],No,No,Supervisor 7.1 (International) []
Support Associate Solution,https://www.shl.com/products/product-catalog/view/support-associate-solution/,0,[],No,No,Support Associate Solution []
Support Supervisor Solution,https://www.shl.com/products/product-catalog/view/support-supervisor-solution/,0,[],No,No,Support Supervisor Solution []
Technical Sales Associate Solution,https://www.shl.com/products/product-catalog/view/technical-sales-associate-solution/,0,[],No,No,Technical Sales Associate Solution []
Technician/Technologist Solution,https://www.shl.com/products/product-catalog/view/techniciantechnologist-solution/,0,[],No,No,Technician/Technologist Solution []
Technology Professional 8.0 Job Focused Assessment,https://www.shl.com/products/product-catalog/view/technology-professional-8-0-job-focused-assessment/,0,[],No,No,Technology Professional 8.0 Job Focused Assessment []
Telenurse Solution,https://www.shl.com/products/product-catalog/view/telenurse-solution/,0,[],No,No,Telenurse Solution []
Teller 7.0,https://www.shl.com/products/product-catalog/view/teller-7-0/,0,[],No,No,Teller 7.0 []
Teller with Sales - Short Form,https://www.shl.com/products/product-catalog/view/teller-with-sales-short-form/,0,[],No,No,Teller with Sales - Short Form []
Transcriptionist Solution,https://www.shl.com/products/product-catalog/view/transcriptionist-solution/,0,[],No,No,Transcriptionist Solution []
Workplace Safety - Individual 7.0 Solution,https://www.shl.com/products/product-catalog/view/workplace-safety-individual-7-0-solution/,0,[],No,No,Workplace Safety - Individual 7.0 Solution []
Workplace Safety - Individual 7.1 (Americas),https://www.shl.com/products/product-catalog/view/workplace-safety-individual-7-1-solution/,0,[],No,No,Workplace Safety - Individual 7.1 (Americas) []
Workplace Safety - Team 7.0 Solution,https://www.shl.com/products/product-catalog/view/workplace-safety-team-7-0-solution/,0,[],No,No,Workplace Safety - Team 7.0 Solution []
Workplace Safety - Team 7.1 (Americas),https://www.shl.com/products/product-catalog/view/workplace-safety-team-7-1-%28americas%29/,0,[],No,No,Workplace Safety - Team 7.1 (Americas) []
Workplace Safety - Team 7.1 (International),https://www.shl.com/products/product-catalog/view/workplace-safety-team-7-1-solution/,0,[],No,No,Workplace Safety - Team 7.1 (International) []
Workplace Safety Solution,https://www.shl.com/products/product-catalog/view/workplace-safety-solution/,0,[],No,No,Workplace Safety Solution []
